{
    "Fyrktorget": [
        57.67277215,
        11.912804469209846
    ],
    "Tolvskillingsgatan": [
        57.676028,
        11.915662405681818
    ],
    "Göteborg Marklandsgatan": [
        57.6743097,
        11.9363478
    ],
    "Sahlgrenska Universitetssjukhuset ": [
        57.6816661,
        11.96101860713694
    ],
    "Göteborg Wavrinskys Plats": [
        57.68897655,
        11.968433355291577
    ],
    "Göteborg Chalmers": [
        57.6897462,
        11.97652929499342
    ],
    "Göteborg Kapellplatsen": [
        57.6935294,
        11.9707196
    ],
    "Göteborg Vasaplatsen": [
        57.69937065,
        11.969723053821655
    ],
    "Göteborg Grönsakstorget": [
        57.70240805,
        11.96560106852775
    ],
    "Göteborg Domkyrkan": [
        57.704544150000004,
        11.965306628278764
    ],
    "Göteborg Brunnsparken": [
        57.7067843,
        11.9699051
    ],
    "Göteborg Nordstan": [
        57.7086397,
        11.969087498371342
    ],
    "Frihamnsporten": [
        57.71858,
        11.96035
    ],
    "Pumpgatan": [
        57.71049,
        11.95024
    ],
    "Regnbågsgatan": [
        57.71059,
        11.94415
    ],
    "Lindholmen": [
        57.7068593,
        11.934067
    ],
    "Sannegårdshamnen": [
        57.7078012,
        11.930679
    ],
    "Nordviksgatan": [
        57.706812,
        11.9215487
    ],
    "Sörhallstorget": [
        57.7026009,
        11.920947415201004
    ],
    "Eriksbergstorget": [
        57.7000781,
        11.9138167
    ],
    "Eriksbergsdockan": [
        57.700657,
        11.9081319
    ],
    "Bockkranen": [
        57.6973753,
        11.9078847
    ]
}